{
	"class_name" : "PinholeCameraParameters",
	"extrinsic" : 
	[
		0.85634655146593275,
		-0.02830806809846434,
		0.5156250935252642,
		0.0,
		-0.48375027282757982,
		-0.39339048194614701,
		0.7818117434865125,
		0.0,
		0.18071042397063547,
		-0.91893557009983629,
		-0.35057261825995806,
		0.0,
		2.6504262148037272,
		0.71486188186494193,
		22.063591068550359,
		1.0
	],
	"intrinsic" : 
	{
		"height" : 1050,
		"intrinsic_matrix" : 
		[
			909.3266739736606,
			0.0,
			0.0,
			0.0,
			909.3266739736606,
			0.0,
			959.5,
			524.5,
			1.0
		],
		"width" : 1920
	},
	"version_major" : 1,
	"version_minor" : 0
}