{
	"class_name" : "PinholeCameraParameters",
	"extrinsic" : 
	[
		0.90383937054854913,
		0.075894814341218808,
		0.42108712804182769,
		0.0,
		-0.37778300468580484,
		-0.32049814941593063,
		0.86865467108139649,
		0.0,
		0.20088403026862986,
		-0.94420385160042419,
		-0.26100707462817263,
		0.0,
		2.5728684812995999,
		0.82174967439964508,
		21.701076652784629,
		1.0
	],
	"intrinsic" : 
	{
		"height" : 1050,
		"intrinsic_matrix" : 
		[
			909.3266739736606,
			0.0,
			0.0,
			0.0,
			909.3266739736606,
			0.0,
			959.5,
			524.5,
			1.0
		],
		"width" : 1920
	},
	"version_major" : 1,
	"version_minor" : 0
}