{
	"class_name" : "PinholeCameraParameters",
	"extrinsic" : 
	[
		0.86353072081336901,
		-0.27267331082827212,
		0.42422159277138605,
		0.0,
		-0.50382119049984586,
		-0.50297616577002402,
		0.70226717470675182,
		0.0,
		0.021883834555697673,
		-0.82016110748391013,
		-0.57171396305836797,
		0.0,
		2.7477264010014912,
		-1.3965081048608372,
		20.738599386227616,
		1.0
	],
	"intrinsic" : 
	{
		"height" : 1050,
		"intrinsic_matrix" : 
		[
			909.3266739736606,
			0.0,
			0.0,
			0.0,
			909.3266739736606,
			0.0,
			959.5,
			524.5,
			1.0
		],
		"width" : 1920
	},
	"version_major" : 1,
	"version_minor" : 0
}